<?xml version="1.0" encoding="utf-8"?>

<!--
Greenbone Security Assistant
$Id$
Description: CPE based OS reporting system

Authors:
Henri Doreau <henri.doreau@greenbone.net>

Copyright:
Copyright (C) 2011, 2014 Greenbone Networks GmbH

This program is free software; you can redistribute it and/or
modify it under the terms of the GNU General Public License
as published by the Free Software Foundation; either version 2
of the License, or (at your option) any later version.

This program is distributed in the hope that it will be useful,
but WITHOUT ANY WARRANTY; without even the implied warranty of
MERCHANTABILITY or FITNESS FOR A PARTICULAR PURPOSE.  See the
GNU General Public License for more details.

You should have received a copy of the GNU General Public License
along with this program; if not, write to the Free Software
Foundation, Inc., 51 Franklin St, Fifth Floor, Boston, MA 02110-1301 USA.
-->

<!-- This file has been generated automatically from cpe.inc and the official CPE dictionnary -->


<operating_systems>
  <!--
  pattern: cpe pattern to match
  title: full name of the operating system as we want it to be reported to the user
  icon: the icon to display for this OS (from the img/ directory)
  -->
    <operating_system>
        <pattern>cpe:/o:microsoft:windows_nt:4.0:sp1</pattern><title>Microsoft Windows 4.0 sp1</title><icon>os_windows.svg</icon>
    </operating_system>
    <operating_system>
        <pattern>cpe:/o:microsoft:windows_nt:4.0:sp2</pattern><title>Microsoft Windows 4.0 sp2</title><icon>os_windows.svg</icon>
    </operating_system>
    <operating_system>
        <pattern>cpe:/o:microsoft:windows_nt:4.0:sp3</pattern><title>Microsoft Windows 4.0 sp3</title><icon>os_windows.svg</icon>
    </operating_system>
    <operating_system>
        <pattern>cpe:/o:microsoft:windows_nt:4.0:sp4</pattern><title>Microsoft Windows 4.0 sp4</title><icon>os_windows.svg</icon>
    </operating_system>
    <operating_system>
        <pattern>cpe:/o:microsoft:windows_nt:4.0:sp5</pattern><title>Microsoft Windows 4.0 sp5</title><icon>os_windows.svg</icon>
    </operating_system>
    <operating_system>
        <pattern>cpe:/o:microsoft:windows_nt:4.0:sp6</pattern><title>Microsoft Windows 4.0 sp6</title><icon>os_windows.svg</icon>
    </operating_system>
    <operating_system>
        <pattern>cpe:/o:microsoft:windows_xp::sp1</pattern><title>Microsoft windows xp_sp1</title><icon>os_windows.svg</icon>
    </operating_system>
    <operating_system>
        <pattern>cpe:/o:microsoft:windows_xp::sp2</pattern><title>Microsoft Windows XP Service Pack 2</title><icon>os_windows.svg</icon>
    </operating_system>
    <operating_system>
        <pattern>cpe:/o:microsoft:windows_xp::sp3</pattern><title>Microsoft Windows XP Service Pack 3</title><icon>os_windows.svg</icon>
    </operating_system>
    <operating_system>
        <pattern>cpe:/o:microsoft:windows_server_2003::sp1</pattern><title>Microsoft Windows Server 2003 Service Pack 1</title><icon>os_windows.svg</icon>
    </operating_system>
    <operating_system>
        <pattern>cpe:/o:microsoft:windows_server_2003::sp2</pattern><title>Microsoft Windows Server 2003 Service Pack 2</title><icon>os_windows.svg</icon>
    </operating_system>
    <operating_system>
        <pattern>cpe:/o:microsoft:windows_nt</pattern><title>Microsoft Windows NT</title><icon>os_windows.svg</icon>
    </operating_system>
    <operating_system>
        <pattern>cpe:/o:microsoft:windows_2000</pattern><title>Microsoft Windows 2000</title><icon>os_windows.svg</icon>
    </operating_system>
    <operating_system>
        <pattern>cpe:/o:microsoft:windows_server_2000</pattern><title>Microsoft Windows Server 2000</title><icon>os_windows.svg</icon>
    </operating_system>
    <operating_system>
        <pattern>cpe:/o:microsoft:windows_xp</pattern><title>Microsoft Windows XP</title><icon>os_windows.svg</icon>
    </operating_system>
    <operating_system>
        <pattern>cpe:/o:microsoft:windows_server_2003</pattern><title>Microsoft Windows Server 2003</title><icon>os_windows.svg</icon>
    </operating_system>
    <operating_system>
        <pattern>cpe:/o:microsoft:windows_embedded</pattern><title>Microsoft Windows Embedded</title><icon>os_windows.svg</icon>
    </operating_system>
    <operating_system>
        <pattern>cpe:/o:microsoft:windows</pattern><title>Microsoft Windows</title><icon>os_windows.svg</icon>
    </operating_system>
    <operating_system>
        <pattern>cpe:/o:redhat:linux:7.3</pattern><title>Red Hat Linux 7.3</title><icon>os_redhat.svg</icon>
    </operating_system>
    <operating_system>
        <pattern>cpe:/o:redhat:linux:8.0</pattern><title>Red Hat Linux 8.0</title><icon>os_redhat.svg</icon>
    </operating_system>
    <operating_system>
        <pattern>cpe:/o:redhat:linux:9</pattern><title>Red Hat Linux 9.0</title><icon>os_redhat.svg</icon>
    </operating_system>
    <operating_system>
        <pattern>cpe:/o:redhat:linux</pattern><title>Red Hat Linux</title><icon>os_redhat.svg</icon>
    </operating_system>
    <operating_system>
        <pattern>cpe:/o:fedoraproject:fedora_core:1</pattern><title>Fedora Core 1</title><icon>os_fedora.svg</icon>
    </operating_system>
    <operating_system>
        <pattern>cpe:/o:fedoraproject:fedora_core:2</pattern><title>Fedora Core 2</title><icon>os_fedora.svg</icon>
    </operating_system>
    <operating_system>
        <pattern>cpe:/o:fedoraproject:fedora_core:3</pattern><title>Fedora Core 3</title><icon>os_fedora.svg</icon>
    </operating_system>
    <operating_system>
        <pattern>cpe:/o:fedoraproject:fedora_core:4</pattern><title>Fedora Core 4</title><icon>os_fedora.svg</icon>
    </operating_system>
    <operating_system>
        <pattern>cpe:/o:fedoraproject:fedora_core:5</pattern><title>Fedora Core 5</title><icon>os_fedora.svg</icon>
    </operating_system>
    <operating_system>
        <pattern>cpe:/o:fedoraproject:fedora_core:6</pattern><title>Fedora Core 6</title><icon>os_fedora.svg</icon>
    </operating_system>
    <operating_system>
        <pattern>cpe:/o:fedoraproject:fedora:7</pattern><title>Fedora 7</title><icon>os_fedora.svg</icon>
    </operating_system>
    <operating_system>
        <pattern>cpe:/o:fedoraproject:fedora:8</pattern><title>Fedora 8</title><icon>os_fedora.svg</icon>
    </operating_system>
    <operating_system>
        <pattern>cpe:/o:fedoraproject:fedora:9</pattern><title>Fedora 9</title><icon>os_fedora.svg</icon>
    </operating_system>
    <operating_system>
        <pattern>cpe:/o:fedoraproject:fedora:10</pattern><title>Fedora 10</title><icon>os_fedora.svg</icon>
    </operating_system>
    <operating_system>
        <pattern>cpe:/o:fedoraproject:fedora:11</pattern><title>Fedora 11</title><icon>os_fedora.svg</icon>
    </operating_system>
    <operating_system>
        <pattern>cpe:/o:fedoraproject:fedora:12</pattern><title>Fedora 12</title><icon>os_fedora.svg</icon>
    </operating_system>
    <operating_system>
        <pattern>cpe:/o:fedoraproject:fedora:13</pattern><title>Fedora 13</title><icon>os_fedora.svg</icon>
    </operating_system>
    <operating_system>
        <pattern>cpe:/o:fedoraproject:fedora:14</pattern><title>Fedora 14</title><icon>os_fedora.svg</icon>
    </operating_system>
    <operating_system>
        <pattern>cpe:/o:fedoraproject:fedora:15</pattern><title>Fedora 15</title><icon>os_fedora.svg</icon>
    </operating_system>
    <operating_system>
        <pattern>cpe:/o:fedoraproject:fedora:16</pattern><title>Fedora 16</title><icon>os_fedora.svg</icon>
    </operating_system>
    <operating_system>
        <pattern>cpe:/o:fedoraproject:fedora:17</pattern><title>Fedora 17</title><icon>os_fedora.svg</icon>
    </operating_system>
    <operating_system>
        <pattern>cpe:/o:fedoraproject:fedora:18</pattern><title>Fedora 18</title><icon>os_fedora.svg</icon>
    </operating_system>
    <operating_system>
        <pattern>cpe:/o:fedoraproject:fedora:19</pattern><title>Fedora 19</title><icon>os_fedora.svg</icon>
    </operating_system>
    <operating_system>
        <pattern>cpe:/o:fedoraproject:fedora:20</pattern><title>Fedora 20</title><icon>os_fedora.svg</icon>
    </operating_system>
    <operating_system>
        <pattern>cpe:/o:fedoraproject:fedora:21</pattern><title>Fedora 21</title><icon>os_fedora.svg</icon>
    </operating_system>
    <operating_system>
        <pattern>cpe:/o:fedoraproject:fedora:22</pattern><title>Fedora 22</title><icon>os_fedora.svg</icon>
    </operating_system>
    <operating_system>
        <pattern>cpe:/o:fedoraproject:fedora:23</pattern><title>Fedora 23</title><icon>os_fedora.svg</icon>
    </operating_system>
    <operating_system>
        <pattern>cpe:/o:fedoraproject:fedora</pattern><title>Fedora</title><icon>os_fedora.svg</icon>
    </operating_system>
    <operating_system>
        <pattern>cpe:/o:redhat:enterprise_linux:2.1</pattern><title>Red Hat Enterprise Linux 2.1</title><icon>os_redhat.svg</icon>
    </operating_system>
    <operating_system>
        <pattern>cpe:/o:redhat:enterprise_linux:3</pattern><title>Red Hat Enterprise Linux 3</title><icon>os_redhat.svg</icon>
    </operating_system>
    <operating_system>
        <pattern>cpe:/o:redhat:enterprise_linux:4</pattern><title>Red Hat Enterprise Linux 4</title><icon>os_redhat.svg</icon>
    </operating_system>
    <operating_system>
        <pattern>cpe:/o:redhat:enterprise_linux:5</pattern><title>Red Hat Enterprise Linux 5</title><icon>os_redhat.svg</icon>
    </operating_system>
    <operating_system>
        <pattern>cpe:/o:redhat:enterprise_linux:6</pattern><title>Red Hat Enterprise Linux 6</title><icon>os_redhat.svg</icon>
    </operating_system>
    <operating_system>
        <pattern>cpe:/o:redhat:enterprise_linux:7</pattern><title>Red Hat Enterprise Linux 7</title><icon>os_redhat.svg</icon>
    </operating_system>
    <operating_system>
        <pattern>cpe:/o:redhat</pattern><title>Red Hat</title><icon>os_redhat.svg</icon>
    </operating_system>
    <operating_system>
        <pattern>cpe:/o:mandriva:linux:2010.0</pattern><title>Mandriva Linux 2010.0</title><icon>os_mandriva.svg</icon>
    </operating_system>
    <operating_system>
        <pattern>cpe:/o:mandriva:linux:2010.1</pattern><title>Mandriva Linux 2010.1</title><icon>os_mandriva.svg</icon>
    </operating_system>
    <operating_system>
        <pattern>cpe:/o:mandriva:linux:2011.0</pattern><title>Mandriva Linux 2011.0</title><icon>os_mandriva.svg</icon>
    </operating_system>
    <operating_system>
        <pattern>cpe:/o:mandriva:linux:2009.0</pattern><title>Mandriva Linux 2009.0</title><icon>os_mandriva.svg</icon>
    </operating_system>
    <operating_system>
        <pattern>cpe:/o:mandriva:linux:2009.1</pattern><title>Mandriva Linux 2009.1</title><icon>os_mandriva.svg</icon>
    </operating_system>
    <operating_system>
        <pattern>cpe:/o:mandriva:linux:2008.1</pattern><title>Mandrake Linux 2008.1</title><icon>os_mandriva.svg</icon>
    </operating_system>
    <operating_system>
        <pattern>cpe:/o:mandriva:linux:2008.0</pattern><title>Mandriva Linux 2008.0</title><icon>os_mandriva.svg</icon>
    </operating_system>
    <operating_system>
        <pattern>cpe:/o:mandriva:linux:2007.1</pattern><title>Mandriva Linux 2007.1</title><icon>os_mandriva.svg</icon>
    </operating_system>
    <operating_system>
        <pattern>cpe:/o:mandriva:linux:2007.0</pattern><title>Mandriva Linux 2007.0</title><icon>os_mandriva.svg</icon>
    </operating_system>
    <operating_system>
        <pattern>cpe:/o:mandriva:linux:2006.0</pattern><title>Mandriva Linux 2006.0</title><icon>os_mandriva.svg</icon>
    </operating_system>
    <operating_system>
        <pattern>cpe:/o:mandriva:linux</pattern><title>Mandriva Linux</title><icon>os_mandriva.svg</icon>
    </operating_system>
    <operating_system>
        <pattern>cpe:/o:mandrakesoft:mandrake_linux:10.2</pattern><title>MandrakeSoft Mandrake Linux 10.2</title><icon>os_mandriva.svg</icon>
    </operating_system>
    <operating_system>
        <pattern>cpe:/o:mandrakesoft:mandrake_linux:10.1</pattern><title>MandrakeSoft Mandrake Linux 10.1</title><icon>os_mandriva.svg</icon>
    </operating_system>
    <operating_system>
        <pattern>cpe:/o:mandrakesoft:mandrake_linux:10.0</pattern><title>MandrakeSoft Mandrake Linux 10.0</title><icon>os_mandriva.svg</icon>
    </operating_system>
    <operating_system>
        <pattern>cpe:/o:mandrakesoft:mandrake_linux:9.2</pattern><title>MandrakeSoft Mandrake Linux 9.2</title><icon>os_mandriva.svg</icon>
    </operating_system>
    <operating_system>
        <pattern>cpe:/o:mandrakesoft:mandrake_linux:9.1</pattern><title>MandrakeSoft Mandrake Linux 9.1</title><icon>os_mandriva.svg</icon>
    </operating_system>
    <operating_system>
        <pattern>cpe:/o:mandrakesoft:mandrake_linux:8.1</pattern><title>MandrakeSoft Mandrake Linux 8.1</title><icon>os_mandriva.svg</icon>
    </operating_system>
    <operating_system>
        <pattern>cpe:/o:mandrakesoft:mandrake_linux:8.0</pattern><title>MandrakeSoft Mandrake Linux 8.0</title><icon>os_mandriva.svg</icon>
    </operating_system>
    <operating_system>
        <pattern>cpe:/o:mandrakesoft:mandrake_linux:7.2</pattern><title>MandrakeSoft Mandrake Linux 7.2</title><icon>os_mandriva.svg</icon>
    </operating_system>
    <operating_system>
        <pattern>cpe:/o:mandrakesoft:mandrake_linux</pattern><title>MandrakeSoft Mandrake Linux</title><icon>os_mandriva.svg</icon>
    </operating_system>
    <operating_system>
        <pattern>cpe:/o:centos:centos:7</pattern><title>CentOS-7</title><icon>os_centos.svg</icon>
    </operating_system>
    <operating_system>
        <pattern>cpe:/o:centos:centos:6</pattern><title>CentOS-6</title><icon>os_centos.svg</icon>
    </operating_system>
    <operating_system>
        <pattern>cpe:/o:centos:centos:5</pattern><title>CentOS-5</title><icon>os_centos.svg</icon>
    </operating_system>
    <operating_system>
        <pattern>cpe:/o:centos:centos:4</pattern><title>CentOS-4</title><icon>os_centos.svg</icon>
    </operating_system>
    <operating_system>
        <pattern>cpe:/o:centos:centos:3</pattern><title>CentOS-3</title><icon>os_centos.svg</icon>
    </operating_system>
    <operating_system>
        <pattern>cpe:/o:centos:centos:2</pattern><title>CentOS-2</title><icon>os_centos.svg</icon>
    </operating_system>
    <operating_system>
        <pattern>cpe:/o:centos:centos</pattern><title>CentOS</title><icon>os_centos.svg</icon>
    </operating_system>
    <operating_system>
        <pattern>cpe:/o:debian:debian_linux:2.2</pattern><title>Debian Debian Linux 2.2</title><icon>os_debian.svg</icon>
    </operating_system>
    <operating_system>
        <pattern>cpe:/o:debian:debian_linux:3.0</pattern><title>Debian Debian Linux 3.0</title><icon>os_debian.svg</icon>
    </operating_system>
    <operating_system>
        <pattern>cpe:/o:debian:debian_linux:3.1</pattern><title>Debian Debian Linux 3.1</title><icon>os_debian.svg</icon>
    </operating_system>
    <operating_system>
        <pattern>cpe:/o:debian:debian_linux:4.0</pattern><title>Debian GNU/Linux 4.0</title><icon>os_debian.svg</icon>
    </operating_system>
    <operating_system>
        <pattern>cpe:/o:debian:debian_linux:5.0</pattern><title>Debian GNU/Linux 5.0</title><icon>os_debian.svg</icon>
    </operating_system>
    <operating_system>
        <pattern>cpe:/o:debian:debian_linux:6.0</pattern><title>Debian GNU/Linux 6.0</title><icon>os_debian.svg</icon>
    </operating_system>
    <operating_system>
        <pattern>cpe:/o:debian:debian_linux:7.0</pattern><title>Debian GNU/Linux 7.0</title><icon>os_debian.svg</icon>
    </operating_system>
    <operating_system>
        <pattern>cpe:/o:debian:debian_linux:7.1</pattern><title>Debian GNU/Linux 7.1</title><icon>os_debian.svg</icon>
    </operating_system>
    <operating_system>
        <pattern>cpe:/o:debian:debian_linux:7.2</pattern><title>Debian GNU/Linux 7.2</title><icon>os_debian.svg</icon>
    </operating_system>
    <operating_system>
        <pattern>cpe:/o:debian:debian_linux:7.3</pattern><title>Debian GNU/Linux 7.3</title><icon>os_debian.svg</icon>
    </operating_system>
    <operating_system>
        <pattern>cpe:/o:debian:debian_linux:7.4</pattern><title>Debian GNU/Linux 7.4</title><icon>os_debian.svg</icon>
    </operating_system>
    <operating_system>
        <pattern>cpe:/o:debian:debian_linux:7.5</pattern><title>Debian GNU/Linux 7.5</title><icon>os_debian.svg</icon>
    </operating_system>
    <operating_system>
        <pattern>cpe:/o:debian:debian_linux:7.6</pattern><title>Debian GNU/Linux 7.6</title><icon>os_debian.svg</icon>
    </operating_system>
    <operating_system>
        <pattern>cpe:/o:debian:debian_linux:7.7</pattern><title>Debian GNU/Linux 7.7</title><icon>os_debian.svg</icon>
    </operating_system>
    <operating_system>
        <pattern>cpe:/o:debian:debian_linux:7.8</pattern><title>Debian GNU/Linux 7.8</title><icon>os_debian.svg</icon>
    </operating_system>
    <operating_system>
        <pattern>cpe:/o:debian:debian_linux:7.9</pattern><title>Debian GNU/Linux 7.9</title><icon>os_debian.svg</icon>
    </operating_system>
    <operating_system>
        <pattern>cpe:/o:debian:debian_linux:8.0</pattern><title>Debian GNU/Linux 8.0</title><icon>os_debian.svg</icon>
    </operating_system>
    <operating_system>
        <pattern>cpe:/o:debian:debian_linux:8.1</pattern><title>Debian GNU/Linux 8.1</title><icon>os_debian.svg</icon>
    </operating_system>
    <operating_system>
        <pattern>cpe:/o:debian:debian_linux:8.2</pattern><title>Debian GNU/Linux 8.2</title><icon>os_debian.svg</icon>
    </operating_system>
    <operating_system>
        <pattern>cpe:/o:debian:debian_linux:8.3</pattern><title>Debian GNU/Linux 8.3</title><icon>os_debian.svg</icon>
    </operating_system>
    <operating_system>
        <pattern>cpe:/o:debian:debian_linux:8.4</pattern><title>Debian GNU/Linux 8.4</title><icon>os_debian.svg</icon>
    </operating_system>
    <operating_system>
        <pattern>cpe:/o:debian:debian_linux</pattern><title>Debian GNU/Linux</title><icon>os_debian.svg</icon>
    </operating_system>
    <operating_system>
        <pattern>cpe:/o:suse:linux_enterprise_server:12</pattern><title>SuSE Linux Enterprise Server 12</title><icon>os_suse.svg</icon>
    </operating_system>
    <operating_system>
        <pattern>cpe:/o:suse:linux_enterprise_server:11</pattern><title>SuSE Linux Enterprise Server 11</title><icon>os_suse.svg</icon>
    </operating_system>
    <operating_system>
        <pattern>cpe:/o:suse:linux_enterprise_server:10</pattern><title>SuSE Linux Enterprise Server 10</title><icon>os_suse.svg</icon>
    </operating_system>
    <operating_system>
        <pattern>cpe:/o:suse:linux_enterprise_server:9</pattern><title>SuSE Linux Enterprise Server 9</title><icon>os_suse.svg</icon>
    </operating_system>
    <operating_system>
        <pattern>cpe:/o:suse:linux_enterprise_server</pattern><title>SuSE Linux Enterprise Server</title><icon>os_suse.svg</icon>
    </operating_system>
    <operating_system>
        <pattern>cpe:/o:novell:opensuse:11.3</pattern><title>Novell openSUSE 11.3</title><icon>os_novell.svg</icon>
    </operating_system>
    <operating_system>
        <pattern>cpe:/o:novell:opensuse:11.4</pattern><title>Novell openSUSE 11.4</title><icon>os_novell.svg</icon>
    </operating_system>
    <operating_system>
        <pattern>cpe:/o:novell:opensuse:12.1</pattern><title>Novell openSUSE 12.1</title><icon>os_novell.svg</icon>
    </operating_system>
    <operating_system>
        <pattern>cpe:/o:novell:opensuse:12.2</pattern><title>Novell openSUSE 12.2</title><icon>os_novell.svg</icon>
    </operating_system>
    <operating_system>
        <pattern>cpe:/o:novell:opensuse:12.3</pattern><title>Novell openSUSE 12.3</title><icon>os_novell.svg</icon>
    </operating_system>
    <operating_system>
        <pattern>cpe:/o:novell:opensuse:13.1</pattern><title>Novell openSUSE 13.1</title><icon>os_novell.svg</icon>
    </operating_system>
    <operating_system>
        <pattern>cpe:/o:novell:opensuse:13.2</pattern><title>Novell openSUSE 13.2</title><icon>os_novell.svg</icon>
    </operating_system>
    <operating_system>
        <pattern>cpe:/o:novell:opensuse:42.1</pattern><title>Novell openSUSE Leap 42.1</title><icon>os_novell.svg</icon>
    </operating_system>
    <operating_system>
        <pattern>cpe:/o:novell:opensuse:11.2</pattern><title>Novell openSUSE 11.2</title><icon>os_novell.svg</icon>
    </operating_system>
    <operating_system>
        <pattern>cpe:/o:novell:opensuse:11.1</pattern><title>Novell openSUSE 11.1</title><icon>os_novell.svg</icon>
    </operating_system>
    <operating_system>
        <pattern>cpe:/o:novell:opensuse:11.0</pattern><title>Novell opensuse 11.0</title><icon>os_novell.svg</icon>
    </operating_system>
    <operating_system>
        <pattern>cpe:/o:novell:opensuse:10.3</pattern><title>Novell opensuse 10.3</title><icon>os_novell.svg</icon>
    </operating_system>
    <operating_system>
        <pattern>cpe:/o:novell:opensuse:10.2</pattern><title>Novell openSUSE 10.2</title><icon>os_novell.svg</icon>
    </operating_system>
    <operating_system>
        <pattern>cpe:/o:novell:opensuse</pattern><title>Novell openSUSE</title><icon>os_novell.svg</icon>
    </operating_system>
    <operating_system>
        <pattern>cpe:/o:novell:suse_linux:11.0</pattern><title>Novell SUSE Linux 11.0</title><icon>os_novell.svg</icon>
    </operating_system>
    <operating_system>
        <pattern>cpe:/o:novell:suse_linux:10.3</pattern><title>Novell SUSE Linux 10.3</title><icon>os_novell.svg</icon>
    </operating_system>
    <operating_system>
        <pattern>cpe:/o:novell:suse_linux:10.2</pattern><title>Novell SUSE Linux 10.2</title><icon>os_novell.svg</icon>
    </operating_system>
    <operating_system>
        <pattern>cpe:/o:novell:suse_linux:10.1</pattern><title>Novell SUSE Linux 10.1</title><icon>os_novell.svg</icon>
    </operating_system>
    <operating_system>
        <pattern>cpe:/o:novell:suse_linux:9.3</pattern><title>Novell SUSE Linux 9.3</title><icon>os_novell.svg</icon>
    </operating_system>
    <operating_system>
        <pattern>cpe:/o:novell:suse_linux:9.2</pattern><title>Novell SUSE Linux 9.2</title><icon>os_novell.svg</icon>
    </operating_system>
    <operating_system>
        <pattern>cpe:/o:novell:suse_linux:9.1</pattern><title>Novell SUSE Linux 9.1</title><icon>os_novell.svg</icon>
    </operating_system>
    <operating_system>
        <pattern>cpe:/o:novell:suse_linux:9.0</pattern><title>Novell SUSE Linux 9.0</title><icon>os_novell.svg</icon>
    </operating_system>
    <operating_system>
        <pattern>cpe:/o:novell:suse_linux:8.2</pattern><title>Novell SUSE Linux 8.2</title><icon>os_novell.svg</icon>
    </operating_system>
    <operating_system>
        <pattern>cpe:/o:novell:suse_linux:8.1</pattern><title>Novell SUSE Linux 8.1</title><icon>os_novell.svg</icon>
    </operating_system>
    <operating_system>
        <pattern>cpe:/o:novell:suse_linux:8.0</pattern><title>Novell SUSE Linux 8.0</title><icon>os_novell.svg</icon>
    </operating_system>
    <operating_system>
        <pattern>cpe:/o:novell:suse_linux:7.3</pattern><title>Novell SUSE Linux 7.3</title><icon>os_novell.svg</icon>
    </operating_system>
    <operating_system>
        <pattern>cpe:/o:novell:suse_linux</pattern><title>Novell SUSE Linux</title><icon>os_novell.svg</icon>
    </operating_system>
    <operating_system>
        <pattern>cpe:/o:trustix:secure_linux:3.0.5</pattern><title>Trustix Secure Linux 3.0.5</title><icon>os_trustix.svg</icon>
    </operating_system>
    <operating_system>
        <pattern>cpe:/o:trustix:secure_linux:3.0</pattern><title>Trustix Secure Linux 3.0</title><icon>os_trustix.svg</icon>
    </operating_system>
    <operating_system>
        <pattern>cpe:/o:trustix:secure_linux:2.2</pattern><title>Trustix Secure Linux 2.2</title><icon>os_trustix.svg</icon>
    </operating_system>
    <operating_system>
        <pattern>cpe:/o:trustix:secure_linux:2.1</pattern><title>Trustix Secure Linux 2.1</title><icon>os_trustix.svg</icon>
    </operating_system>
    <operating_system>
        <pattern>cpe:/o:trustix:secure_linux:2.0</pattern><title>Trustix Secure Linux 2.0</title><icon>os_trustix.svg</icon>
    </operating_system>
    <operating_system>
        <pattern>cpe:/o:trustix:secure_linux:1.5</pattern><title>Trustix Secure Linux 1.5</title><icon>os_trustix.svg</icon>
    </operating_system>
    <operating_system>
        <pattern>cpe:/o:trustix:secure_linux:1.2</pattern><title>Trustix Secure Linux 1.2</title><icon>os_trustix.svg</icon>
    </operating_system>
    <operating_system>
        <pattern>cpe:/o:trustix:secure_linux:1.1</pattern><title>Trustix Secure Linux 1.1</title><icon>os_trustix.svg</icon>
    </operating_system>
    <operating_system>
        <pattern>cpe:/o:trustix:secure_linux</pattern><title>Trustix Secure Linux</title><icon>os_trustix.svg</icon>
    </operating_system>
    <operating_system>
        <pattern>cpe:/o:gentoo:linux</pattern><title>Gentoo Linux</title><icon>os_gentoo.svg</icon>
    </operating_system>
    <operating_system>
        <pattern>cpe:/o:hp:hp-ux:10.01</pattern><title>HP HP-UX 10.01</title><icon>os_hp.svg</icon>
    </operating_system>
    <operating_system>
        <pattern>cpe:/o:hp:hp-ux:10.10</pattern><title>HP HP-UX 10.10</title><icon>os_hp.svg</icon>
    </operating_system>
    <operating_system>
        <pattern>cpe:/o:hp:hp-ux:10.20</pattern><title>HP HP-UX 10.20</title><icon>os_hp.svg</icon>
    </operating_system>
    <operating_system>
        <pattern>cpe:/o:hp:hp-ux:10.24</pattern><title>HP HP-UX 10.24</title><icon>os_hp.svg</icon>
    </operating_system>
    <operating_system>
        <pattern>cpe:/o:hp:hp-ux:10.26</pattern><title>HP HP-UX 10.26</title><icon>os_hp.svg</icon>
    </operating_system>
    <operating_system>
        <pattern>cpe:/o:hp:hp-ux:11.00</pattern><title>HP-UX 11.00</title><icon>os_hp.svg</icon>
    </operating_system>
    <operating_system>
        <pattern>cpe:/o:hp:hp-ux:11.0.4</pattern><title>HP HP-UX 11.0.4</title><icon>os_hp.svg</icon>
    </operating_system>
    <operating_system>
        <pattern>cpe:/o:hp:hp-ux:11.11</pattern><title>HP-UX 11.11</title><icon>os_hp.svg</icon>
    </operating_system>
    <operating_system>
        <pattern>cpe:/o:hp:hp-ux:11.20</pattern><title>HP-UX 11i v1.5</title><icon>os_hp.svg</icon>
    </operating_system>
    <operating_system>
        <pattern>cpe:/o:hp:hp-ux:11.22</pattern><title>HP-UX 11i v1.6</title><icon>os_hp.svg</icon>
    </operating_system>
    <operating_system>
        <pattern>cpe:/o:hp:hp-ux:11.23</pattern><title>HP-UX 11i v2</title><icon>os_hp.svg</icon>
    </operating_system>
    <operating_system>
        <pattern>cpe:/o:hp:hp-ux:11.31</pattern><title>HP-UX 11i v3</title><icon>os_hp.svg</icon>
    </operating_system>
    <operating_system>
        <pattern>cpe:/o:hp:hp-ux:11.23</pattern><title>HP-UX 11i v2</title><icon>os_hp.svg</icon>
    </operating_system>
    <operating_system>
        <pattern>cpe:/o:hp:hp-ux</pattern><title>HP-UX</title><icon>os_hp.svg</icon>
    </operating_system>
    <operating_system>
        <pattern>cpe:/o:hp:integrated_lights-out</pattern><title>HP Integrated Lights-Out</title><icon>os_hp.svg</icon>
    </operating_system>
    <operating_system>
        <pattern>cpe:/o:sun:solaris</pattern><title>Sun Solaris</title><icon>os_sun.svg</icon>
    </operating_system>
    <operating_system>
        <pattern>cpe:/o:sun:sunos</pattern><title>Sun Solaris</title><icon>os_sun.svg</icon>
    </operating_system>
    <operating_system>
        <pattern>cpe:/o:apple:mac_os_x</pattern><title>Apple Mac OS X</title><icon>os_apple.svg</icon>
    </operating_system>
    <operating_system>
        <pattern>cpe:/o:ibm:aix</pattern><title>IBM AIX</title><icon>os_aix.svg</icon>
    </operating_system>
    <operating_system>
        <pattern>cpe:/o:cisco:nx-os</pattern><title>Cisco NX-OS</title><icon>os_cisco.svg</icon>
    </operating_system> 
    <operating_system>
        <pattern>cpe:/o:cisco:ios_xr</pattern><title>Cisco IOS XR</title><icon>os_cisco.svg</icon>
    </operating_system>
    <operating_system>
        <pattern>cpe:/o:cisco:ios</pattern><title>Cisco IOS</title><icon>os_cisco.svg</icon>
    </operating_system>
    <operating_system>
        <pattern>cpe:/o:cisco:asyncos</pattern><title>Cisco AsyncOS</title><icon>os_cisco.svg</icon>
    </operating_system>
    <operating_system>
        <pattern>cpe:/o:cisco:cnu-os</pattern><title>Cisco CNU-OS</title><icon>os_cisco.svg</icon>
    </operating_system>
    <operating_system>
         <pattern>cpe:/o:cisco:ucos</pattern><title>Cisco UCOS</title><icon>os_cisco.svg</icon>
    </operating_system>
    <operating_system>
         <pattern>cpe:/o:cisco:application_deployment_engine</pattern><title>Cisco ADE-OS</title><icon>os_cisco.svg</icon>
    </operating_system>
    <operating_system>
         <pattern>cpe:/o:cisco:wireless_lan_controller_software</pattern><title>Cisco Wireless LAN Controller Software</title><icon>os_cisco.svg</icon>
    </operating_system>
    <operating_system>
          <pattern>cpe:/o:cisco:fire_linux_os</pattern><title>Cisco Fire Linux OS</title><icon>os_cisco.svg</icon>
    </operating_system>
    <operating_system>
         <pattern>cpe:/o:cisco</pattern><title>Cisco</title><icon>os_cisco.svg</icon>
    </operating_system>
    <operating_system>
        <pattern>cpe:/o:cyclades</pattern><title>Cyclades</title><icon>os_cyclades.svg</icon>
    </operating_system>
    <operating_system>
        <pattern>cpe:/o:juniper</pattern><title>Juniper</title><icon>os_junos.svg</icon>
    </operating_system>
    <operating_system>
        <pattern>cpe:/o:fortinet:fortios</pattern><title>Fortinet</title><icon>os_fortinet.svg</icon>
    </operating_system>
    <operating_system>
        <pattern>cpe:/o:freebsd:freebsd</pattern><title>FreeBSD</title><icon>os_freebsd.svg</icon>
    </operating_system>
    <operating_system>
        <pattern>cpe:/h:hp:jetdirect</pattern><title>HP Jetdirect</title><icon>os_hp.svg</icon>
    </operating_system>
    <operating_system>
        <pattern>cpe:/o:linux:kernel</pattern><title>Linux Kernel</title><icon>os_linux.svg</icon>
    </operating_system>
    <operating_system>
        <pattern>cpe:/o:linux:linux_kernel</pattern><title>Linux Kernel</title><icon>os_linux.svg</icon>
    </operating_system>
    <operating_system>
        <pattern>cpe:/o:netbsd:netbsd</pattern><title>NetBSD</title><icon>os_netbsd.svg</icon>
    </operating_system>
    <operating_system>
        <pattern>cpe:/o:netgear</pattern><title>Netgear</title><icon>os_netgear.svg</icon>
    </operating_system>
    <operating_system>
        <pattern>cpe:/o:openbsd:openbsd</pattern><title>OpenBSD</title><icon>os_openbsd.svg</icon>
    </operating_system>
    <operating_system>
        <pattern>cpe:/o:altaware:palo_alto_networks_panos</pattern><title>PaloAlto</title><icon>os_paloalto.svg</icon>
    </operating_system>
    <operating_system>
        <pattern>cpe:/o:univention:univention_corporate_server:2.2</pattern><title>Univention Corporate Server (UCS) 2.2</title><icon>os_ucs.svg</icon>
    </operating_system>
    <operating_system>
        <pattern>cpe:/o:univention:univention_corporate_server:2.3</pattern><title>Univention Corporate Server (UCS) 2.3</title><icon>os_ucs.svg</icon>
    </operating_system>
    <operating_system>
        <pattern>cpe:/o:univention:univention_corporate_server:2.4</pattern><title>Univention Corporate Server (UCS) 2.4</title><icon>os_ucs.svg</icon>
    </operating_system>
    <operating_system>
        <pattern>cpe:/o:univention:univention_corporate_server</pattern><title>Univention Corporate Server (UCS)</title><icon>os_ucs.svg</icon>
    </operating_system>
    <operating_system>
        <pattern>cpe:/o:univention:ucs</pattern><title>Univention Corporate Server (UCS)</title><icon>os_ucs.svg</icon>
    </operating_system>
    <operating_system>
        <pattern>cpe:/o:canonical:ubuntu_linux</pattern><title>Canonical Ubuntu Linux</title><icon>os_ubuntu.svg</icon>
    </operating_system>
    <operating_system>
        <pattern>cpe:/o:greenbone:greenbone_os:1.6.0</pattern><title>Greenbone OS 1.6</title><icon>os_gos.svg</icon>
    </operating_system>
    <operating_system>
        <pattern>cpe:/o:greenbone:greenbone_os:1.7.0</pattern><title>Greenbone OS 1.7</title><icon>os_gos.svg</icon>
    </operating_system>
    <operating_system>
        <pattern>cpe:/o:greenbone:greenbone_os:2.0.0</pattern><title>Greenbone OS 2.0</title><icon>os_gos.svg</icon>
    </operating_system>
    <operating_system>
        <pattern>cpe:/o:greenbone:greenbone_os:2.1.0</pattern><title>Greenbone OS 2.1</title><icon>os_gos.svg</icon>
    </operating_system>
    <operating_system>
        <pattern>cpe:/o:greenbone:greenbone_os:2.2.0</pattern><title>Greenbone OS 2.2</title><icon>os_gos.svg</icon>
    </operating_system>
    <operating_system>
        <pattern>cpe:/o:greenbone:greenbone_os:3.0</pattern><title>Greenbone OS 3.0</title><icon>os_gos.svg</icon>
    </operating_system>
    <operating_system>
        <pattern>cpe:/o:greenbone:greenbone_os</pattern><title>Greenbone OS</title><icon>os_gos.svg</icon>
    </operating_system>
    <operating_system>
        <pattern>cpe:/o:ruggedcom:ros</pattern><title>Ruggedcom ROS</title><icon>os_ruggedcom.svg</icon>
    </operating_system>
    <operating_system>
        <pattern>cpe:/o:synology:dsm</pattern><title>Synology DSM</title><icon>os_synology.svg</icon>
    </operating_system>
    <operating_system>
        <pattern>cpe:/o:arubanetworks:arubaos</pattern><title>Arubanetworks Arubaos</title><icon>os_arubanetworks.svg</icon>
    </operating_system>
    <operating_system>
        <pattern>cpe:/o:huawei</pattern><title>Huawei</title><icon>os_huawai.svg</icon>
    </operating_system>
    <operating_system>
        <pattern>cpe:/o:sourcefire:linux_os</pattern><title>Sourcefire Linux</title><icon>os_sourcefire.svg</icon>
    </operating_system>
    <operating_system>
        <pattern>cpe:/o:checkpoint:gaia_os</pattern><title>Checkpoint Gaia Os</title><icon>os_checkpoint.svg</icon>
    </operating_system>
    <operating_system>
        <pattern>cpe:/o:ipfire:linux</pattern><title>Ipfire Linux</title><icon>os_ipfire.svg</icon>
    </operating_system>
    <operating_system>
        <pattern>cpe:/o:mcafee:linux_operating_system</pattern><title>McAfee Linux</title><icon>os_mcafee.svg</icon>
    </operating_system>
    <operating_system>
        <pattern>cpe:/o:slackware:slackware_linux:8.1</pattern>
        <title>Slackware Linux 8.1</title>
        <icon>os_slackware.svg</icon>
    </operating_system>
    <operating_system>
        <pattern>cpe:/o:slackware:slackware_linux:9.0</pattern>
        <title>Slackware Linux 9.0</title>
        <icon>os_slackware.svg</icon>
    </operating_system>
    <operating_system>
        <pattern>cpe:/o:slackware:slackware_linux:9.1</pattern>
        <title>Slackware Linux 9.1</title>
        <icon>os_slackware.svg</icon>
    </operating_system>
    <operating_system>
        <pattern>cpe:/o:slackware:slackware_linux:10.0</pattern>
        <title>Slackware Linux 10.0</title>
        <icon>os_slackware.svg</icon>
    </operating_system>
    <operating_system>
        <pattern>cpe:/o:slackware:slackware_linux:10.1</pattern>
        <title>Slackware Linux 10.1</title>
        <icon>os_slackware.svg</icon>
    </operating_system>
    <operating_system>
        <pattern>cpe:/o:slackware:slackware_linux:10.2</pattern>
        <title>Slackware Linux 10.2</title>
        <icon>os_slackware.svg</icon>
    </operating_system>
    <operating_system>
        <pattern>cpe:/o:slackware:slackware_linux:11.0</pattern>
        <title>Slackware Linux 11.0</title>
        <icon>os_slackware.svg</icon>
    </operating_system>
    <operating_system>
        <pattern>cpe:/o:slackware:slackware_linux:12.0</pattern>
        <title>Slackware Linux 12.0</title>
        <icon>os_slackware.svg</icon>
    </operating_system>
    <operating_system>
        <pattern>cpe:/o:vmware:esxi</pattern>
        <title>VMWare ESXi</title>
        <icon>os_vmware.svg</icon>
    </operating_system>
</operating_systems>
