# language_names.tsv
# UTF-8 encoded, tab-separated list of language names
#
# Authors:
# Timo Pollmeier <timo.pollmeier@greenbone.net>
#
# Copyright:
# Copyright (C) 2015 Greenbone Networks GmbH
#
# This program is free software; you can redistribute it and/or
# modify it under the terms of the GNU General Public License
# as published by the Free Software Foundation; either version 2
# of the License, or (at your option) any later version.
#
# This program is distributed in the hope that it will be useful,
# but WITHOUT ANY WARRANTY; without even the implied warranty of
# MERCHANTABILITY or FITNESS FOR A PARTICULAR PURPOSE.  See the
# GNU General Public License for more details.
#
# You should have received a copy of the GNU General Public License
# along with this program; if not, write to the Free Software
# Foundation, Inc., 51 Franklin St, Fifth Floor, Boston, MA 02110-1301 USA.

# Format: ISO code<tab>English name<tab>Name in the language itself
ar	Arabic	العربية
de	German	Deutsch
en	English	English
es	Spanish	español
fr	French	français
it	Italian	italiano
ja	Japanese	日本語
pt_BR	Portuguese (Brazil)	português (Brasil)
ru	Russian	ру́сский
tr	Turkish	Türkçe
zh_CN	Chinese (China)	中文 (中国)